source_id,kind,host,url
s0001,public-record,aisel.aisnet.org,http://aisel.aisnet.org/cgi/viewcontent.cgi?article=1701&context=amcis2009
s0002,public-record,computing.southern.edu,http://computing.southern.edu/jbeckett/dissertation/Beckett-Dissertation.pdf
s0003,public-record,dl.acm.org,http://dl.acm.org/citation.cfm?id=2521189
s0004,public-record,hdl.handle.net,http://hdl.handle.net/2060/20130003171
s0005,public-record,rave.ohiolink.edu,http://rave.ohiolink.edu/etdc/view?acc_num=osu1309974326
s0006,public-record,rave.ohiolink.edu,http://rave.ohiolink.edu/etdc/view?acc_num=osu1316383870
s0007,public-record,rpitt.eng.ua.edu,http://rpitt.eng.ua.edu/Publications/5_Stormwater_Treatment/Public_works_practices/scour%20and%20CFD%20modeling%20AVILA_PITT_Calibration_CFD_EDINBURH_2008.pdf
s0008,public-record,www.cell.com,http://www.cell.com/article/S0006349508010126/pdf
s0009,public-record,www.tandfonline.com,http://www.tandfonline.com/doi/abs/10.1080/01419870.2012.660173
s0010,public-record,www.worldscientific.com,http://www.worldscientific.com/doi/abs/10.1142/9781848162648_0018
s0011,public-record,aaai.org,https://aaai.org/proceeding/01-aaai-2010/
s0012,public-record,acsess.onlinelibrary.wiley.com,https://acsess.onlinelibrary.wiley.com/doi/10.2136/vzj2007.0103
s0013,public-record,agu.confex.com,https://agu.confex.com/agu/fm14/webprogram/Paper3494.html
s0014,public-record,agu.confex.com,https://agu.confex.com/agu/fm15/webprogram/Paper74569.html
s0015,public-record,aisel.aisnet.org,https://aisel.aisnet.org/amcis2009/701/
s0016,public-record,ale.ua.es,https://ale.ua.es/article/view/2011-n23-sab-y-el-juego-de-las-miradas
s0017,crossref,api.crossref.org,https://api.crossref.org/works/10.1002/2014ja020382
s0018,crossref,api.crossref.org,https://api.crossref.org/works/10.1002/adfm.201203435
s0019,crossref,api.crossref.org,https://api.crossref.org/works/10.1002/ajim.20561
s0020,crossref,api.crossref.org,https://api.crossref.org/works/10.1002/aur.1489
s0021,crossref,api.crossref.org,https://api.crossref.org/works/10.1002/chem.201502842
s0022,crossref,api.crossref.org,https://api.crossref.org/works/10.1002/chin.201001035
s0023,crossref,api.crossref.org,https://api.crossref.org/works/10.1002/etc.3026
s0024,crossref,api.crossref.org,https://api.crossref.org/works/10.1002/hyp.10299
s0025,crossref,api.crossref.org,https://api.crossref.org/works/10.1002/jmri.21744
s0026,crossref,api.crossref.org,https://api.crossref.org/works/10.1002/mbo3.277
s0027,crossref,api.crossref.org,https://api.crossref.org/works/10.1002/pri.501
s0028,crossref,api.crossref.org,https://api.crossref.org/works/10.1002/wsbm.91
s0029,crossref,api.crossref.org,https://api.crossref.org/works/10.1007/0-387-28387-0_2
s0030,crossref,api.crossref.org,https://api.crossref.org/works/10.1007/11553090_6
s0031,crossref,api.crossref.org,https://api.crossref.org/works/10.1007/978-1-4471-4312-3_26
s0032,crossref,api.crossref.org,https://api.crossref.org/works/10.1007/978-1-4614-5283-6_71
s0033,crossref,api.crossref.org,https://api.crossref.org/works/10.1007/978-1-84996-390-9_58
s0034,crossref,api.crossref.org,https://api.crossref.org/works/10.1007/978-3-319-04768-3_8
s0035,crossref,api.crossref.org,https://api.crossref.org/works/10.1007/978-3-319-06989-0_11
s0036,crossref,api.crossref.org,https://api.crossref.org/works/10.1007/978-3-319-12700-2_5
s0037,crossref,api.crossref.org,https://api.crossref.org/works/10.1007/978-3-319-16033-7_8
s0038,crossref,api.crossref.org,https://api.crossref.org/works/10.1007/978-3-540-74812-0_13
s0039,crossref,api.crossref.org,https://api.crossref.org/works/10.1007/978-90-481-3255-3_8
s0040,crossref,api.crossref.org,https://api.crossref.org/works/10.1007/978-94-007-2357-3_6
s0041,crossref,api.crossref.org,https://api.crossref.org/works/10.1007/978-94-007-5687-8_1
s0042,crossref,api.crossref.org,https://api.crossref.org/works/10.1007/s00049-013-0142-1
s0043,crossref,api.crossref.org,https://api.crossref.org/works/10.1007/s00209-005-0802-0
s0044,crossref,api.crossref.org,https://api.crossref.org/works/10.1007/s00221-012-3378-z
s0045,crossref,api.crossref.org,https://api.crossref.org/works/10.1007/s00360-007-0187-y
s0046,crossref,api.crossref.org,https://api.crossref.org/works/10.1007/s10142-006-0025-4
s0047,crossref,api.crossref.org,https://api.crossref.org/works/10.1007/s10482-011-9582-1
s0048,crossref,api.crossref.org,https://api.crossref.org/works/10.1007/s10584-011-0098-5
s0049,crossref,api.crossref.org,https://api.crossref.org/works/10.1007/s10592-007-9415-y
s0050,crossref,api.crossref.org,https://api.crossref.org/works/10.1007/s10701-013-9724-6
s0051,crossref,api.crossref.org,https://api.crossref.org/works/10.1007/s10869-015-9425-6
s0052,crossref,api.crossref.org,https://api.crossref.org/works/10.1007/s11075-011-9498-x
s0053,crossref,api.crossref.org,https://api.crossref.org/works/10.1007/s11075-012-9612-8
s0054,crossref,api.crossref.org,https://api.crossref.org/works/10.1007/s11156-006-8796-1
s0055,crossref,api.crossref.org,https://api.crossref.org/works/10.1007/s11187-007-9050-5
s0056,crossref,api.crossref.org,https://api.crossref.org/works/10.1007/s11227-014-1299-2
s0057,crossref,api.crossref.org,https://api.crossref.org/works/10.1007/s11669-009-9469-2
s0058,crossref,api.crossref.org,https://api.crossref.org/works/10.1007/s11837-014-1201-y
s0059,crossref,api.crossref.org,https://api.crossref.org/works/10.1007/s12010-007-8031-0
s0060,crossref,api.crossref.org,https://api.crossref.org/works/10.1007/s12013-008-9021-8
s0061,crossref,api.crossref.org,https://api.crossref.org/works/10.1007/s12232-010-0105-6
s0062,crossref,api.crossref.org,https://api.crossref.org/works/10.1007/s12237-014-9773-x
s0063,crossref,api.crossref.org,https://api.crossref.org/works/10.1007/s13187-015-0837-9
s0064,crossref,api.crossref.org,https://api.crossref.org/works/10.1016/b978-0-240-81475-9.50023-2
s0065,crossref,api.crossref.org,https://api.crossref.org/works/10.1016/j.aip.2008.02.007
s0066,crossref,api.crossref.org,https://api.crossref.org/works/10.1016/j.ajem.2011.07.002
s0067,crossref,api.crossref.org,https://api.crossref.org/works/10.1016/j.amjcard.2007.03.048
s0068,crossref,api.crossref.org,https://api.crossref.org/works/10.1016/j.atmosenv.2006.04.004
s0069,crossref,api.crossref.org,https://api.crossref.org/works/10.1016/j.beem.2011.08.006
s0070,crossref,api.crossref.org,https://api.crossref.org/works/10.1016/j.beth.2007.02.002
s0071,crossref,api.crossref.org,https://api.crossref.org/works/10.1016/j.biortech.2010.08.109
s0072,crossref,api.crossref.org,https://api.crossref.org/works/10.1016/j.concog.2006.12.002
s0073,crossref,api.crossref.org,https://api.crossref.org/works/10.1016/j.cor.2011.03.005
s0074,crossref,api.crossref.org,https://api.crossref.org/works/10.1016/j.cplett.2010.04.075
s0075,crossref,api.crossref.org,https://api.crossref.org/works/10.1016/j.cretres.2013.07.008
s0076,crossref,api.crossref.org,https://api.crossref.org/works/10.1016/j.drugalcdep.2014.11.002
s0077,crossref,api.crossref.org,https://api.crossref.org/works/10.1016/j.dsr.2008.11.005
s0078,crossref,api.crossref.org,https://api.crossref.org/works/10.1016/j.ejcnurse.2010.01.005
s0079,crossref,api.crossref.org,https://api.crossref.org/works/10.1016/j.ejmech.2011.02.057
s0080,crossref,api.crossref.org,https://api.crossref.org/works/10.1016/j.epsl.2006.01.015
s0081,crossref,api.crossref.org,https://api.crossref.org/works/10.1016/j.gca.2015.12.022
s0082,crossref,api.crossref.org,https://api.crossref.org/works/10.1016/j.ijar.2005.06.006
s0083,crossref,api.crossref.org,https://api.crossref.org/works/10.1016/j.ijthermalsci.2008.11.006
s0084,crossref,api.crossref.org,https://api.crossref.org/works/10.1016/j.is.2015.06.001
s0085,crossref,api.crossref.org,https://api.crossref.org/works/10.1016/j.jbankfin.2011.07.001
s0086,crossref,api.crossref.org,https://api.crossref.org/works/10.1016/j.jfa.2008.09.015
s0087,crossref,api.crossref.org,https://api.crossref.org/works/10.1016/j.jhealeco.2013.10.006
s0088,crossref,api.crossref.org,https://api.crossref.org/works/10.1016/j.jhydrol.2015.11.026
s0089,crossref,api.crossref.org,https://api.crossref.org/works/10.1016/j.joen.2007.09.016
s0090,crossref,api.crossref.org,https://api.crossref.org/works/10.1016/j.jvn.2006.10.001
s0091,crossref,api.crossref.org,https://api.crossref.org/works/10.1016/j.learninstruc.2015.12.001
s0092,crossref,api.crossref.org,https://api.crossref.org/works/10.1016/j.marpol.2014.11.019
s0093,crossref,api.crossref.org,https://api.crossref.org/works/10.1016/j.mayocp.2013.03.002
s0094,crossref,api.crossref.org,https://api.crossref.org/works/10.1016/j.metmat.2011.03.001
s0095,crossref,api.crossref.org,https://api.crossref.org/works/10.1016/j.nimb.2005.07.044
s0096,crossref,api.crossref.org,https://api.crossref.org/works/10.1016/j.nutres.2006.12.004
s0097,crossref,api.crossref.org,https://api.crossref.org/works/10.1016/j.oceaneng.2015.04.086
s0098,crossref,api.crossref.org,https://api.crossref.org/works/10.1016/j.pbb.2007.12.023
s0099,crossref,api.crossref.org,https://api.crossref.org/works/10.1016/j.physletb.2005.05.039
s0100,crossref,api.crossref.org,https://api.crossref.org/works/10.1016/j.physletb.2006.07.013
s0101,crossref,api.crossref.org,https://api.crossref.org/works/10.1016/j.physletb.2013.07.012
s0102,crossref,api.crossref.org,https://api.crossref.org/works/10.1016/j.pmn.2008.02.007
s0103,crossref,api.crossref.org,https://api.crossref.org/works/10.1016/j.polymdegradstab.2013.12.010
s0104,crossref,api.crossref.org,https://api.crossref.org/works/10.1016/j.pop.2014.08.005
s0105,crossref,api.crossref.org,https://api.crossref.org/works/10.1016/j.pragma.2013.07.007
s0106,crossref,api.crossref.org,https://api.crossref.org/works/10.1016/j.socec.2007.08.006
s0107,crossref,api.crossref.org,https://api.crossref.org/works/10.1016/j.tcs.2015.05.049
s0108,crossref,api.crossref.org,https://api.crossref.org/works/10.1016/j.ymssp.2015.03.021
s0109,crossref,api.crossref.org,https://api.crossref.org/works/10.1017/cbo9780511804199.027
s0110,crossref,api.crossref.org,https://api.crossref.org/works/10.1017/s0004972700038764
s0111,crossref,api.crossref.org,https://api.crossref.org/works/10.1017/s1474747210000028
s0112,crossref,api.crossref.org,https://api.crossref.org/works/10.1021/acs.joc.5b02202
s0113,crossref,api.crossref.org,https://api.crossref.org/works/10.1021/es0604360
s0114,crossref,api.crossref.org,https://api.crossref.org/works/10.1021/jp103859w
s0115,crossref,api.crossref.org,https://api.crossref.org/works/10.1021/jp201563m
s0116,crossref,api.crossref.org,https://api.crossref.org/works/10.1021/jp811391v
s0117,crossref,api.crossref.org,https://api.crossref.org/works/10.1021/ma1010793
s0118,crossref,api.crossref.org,https://api.crossref.org/works/10.1021/ma301896u
s0119,crossref,api.crossref.org,https://api.crossref.org/works/10.1021/mp300238w
s0120,crossref,api.crossref.org,https://api.crossref.org/works/10.1027/1614-0001/a000047
s0121,crossref,api.crossref.org,https://api.crossref.org/works/10.1029/2004jd004995
s0122,crossref,api.crossref.org,https://api.crossref.org/works/10.1029/2010gl043158
s0123,crossref,api.crossref.org,https://api.crossref.org/works/10.1029/2010gl046096
s0124,crossref,api.crossref.org,https://api.crossref.org/works/10.1037/1089-2680.12.4.344
s0125,crossref,api.crossref.org,https://api.crossref.org/works/10.1037/a0014387
s0126,crossref,api.crossref.org,https://api.crossref.org/works/10.1037/a0035320
s0127,crossref,api.crossref.org,https://api.crossref.org/works/10.1038/jp.2011.12
s0128,crossref,api.crossref.org,https://api.crossref.org/works/10.1038/nature06341
s0129,crossref,api.crossref.org,https://api.crossref.org/works/10.1039/c3ja30359d
s0130,crossref,api.crossref.org,https://api.crossref.org/works/10.1039/c3sm50900a
s0131,crossref,api.crossref.org,https://api.crossref.org/works/10.1039/c4dt01521e
s0132,crossref,api.crossref.org,https://api.crossref.org/works/10.1044/0161-1461%282008/025%29
s0133,crossref,api.crossref.org,https://api.crossref.org/works/10.1057/9781137286987_13
s0134,crossref,api.crossref.org,https://api.crossref.org/works/10.1057/9781137523921_5
s0135,crossref,api.crossref.org,https://api.crossref.org/works/10.1061/%28asce%291084-0702%282005%2910%3A5%28631%29
s0136,crossref,api.crossref.org,https://api.crossref.org/works/10.1061/41098%28368%2940
s0137,crossref,api.crossref.org,https://api.crossref.org/works/10.1063/1.2952828
s0138,crossref,api.crossref.org,https://api.crossref.org/works/10.1063/1.3295075
s0139,crossref,api.crossref.org,https://api.crossref.org/works/10.1063/1.3483444
s0140,crossref,api.crossref.org,https://api.crossref.org/works/10.1063/1.4742764
s0141,crossref,api.crossref.org,https://api.crossref.org/works/10.1073/pnas.0710800105
s0142,crossref,api.crossref.org,https://api.crossref.org/works/10.1080/01626620.2015.1048009
s0143,crossref,api.crossref.org,https://api.crossref.org/works/10.1080/02604027.2012.730441
s0144,crossref,api.crossref.org,https://api.crossref.org/works/10.1080/02687038.2015.1100705
s0145,crossref,api.crossref.org,https://api.crossref.org/works/10.1080/03630240802092357
s0146,crossref,api.crossref.org,https://api.crossref.org/works/10.1080/07366299.2013.800437
s0147,crossref,api.crossref.org,https://api.crossref.org/works/10.1080/07399332.2011.610542
s0148,crossref,api.crossref.org,https://api.crossref.org/works/10.1080/07474946.2011.619094
s0149,crossref,api.crossref.org,https://api.crossref.org/works/10.1080/08832323.2014.929560
s0150,crossref,api.crossref.org,https://api.crossref.org/works/10.1080/08958370701382220
s0151,crossref,api.crossref.org,https://api.crossref.org/works/10.1080/09603107.2012.663471
s0152,crossref,api.crossref.org,https://api.crossref.org/works/10.1080/10841806.2006.11029536
s0153,crossref,api.crossref.org,https://api.crossref.org/works/10.1080/13556210500123019
s0154,crossref,api.crossref.org,https://api.crossref.org/works/10.1080/13571516.2013.800323
s0155,crossref,api.crossref.org,https://api.crossref.org/works/10.1080/1478601x.2011.626152
s0156,crossref,api.crossref.org,https://api.crossref.org/works/10.1080/15228053.2010.10856178
s0157,crossref,api.crossref.org,https://api.crossref.org/works/10.1080/15299716.2012.729430
s0158,crossref,api.crossref.org,https://api.crossref.org/works/10.1080/15564880500263182
s0159,crossref,api.crossref.org,https://api.crossref.org/works/10.1080/j006v26n01_09
s0160,crossref,api.crossref.org,https://api.crossref.org/works/10.1088/0004-637x/776/2/93
s0161,crossref,api.crossref.org,https://api.crossref.org/works/10.1088/0029-5515/46/3/s04
s0162,crossref,api.crossref.org,https://api.crossref.org/works/10.1088/0965-0393/17/6/064004
s0163,crossref,api.crossref.org,https://api.crossref.org/works/10.1088/2041-8205/779/2/l21
s0164,crossref,api.crossref.org,https://api.crossref.org/works/10.1088/978-1-6817-4094-2ch1
s0165,crossref,api.crossref.org,https://api.crossref.org/works/10.1089/act.2012.18403
s0166,crossref,api.crossref.org,https://api.crossref.org/works/10.1089/eco.2009.0027
s0167,crossref,api.crossref.org,https://api.crossref.org/works/10.1093/humrep/der148
s0168,crossref,api.crossref.org,https://api.crossref.org/works/10.1093/jpe/rts001
s0169,crossref,api.crossref.org,https://api.crossref.org/works/10.1093/oxrep/grj024
s0170,crossref,api.crossref.org,https://api.crossref.org/works/10.1096/fasebj.20.4.a132
s0171,crossref,api.crossref.org,https://api.crossref.org/works/10.1097/01.mot.0000186082.47623.76
s0172,crossref,api.crossref.org,https://api.crossref.org/works/10.1097/01.npr.0000469254.90496.ab
s0173,crossref,api.crossref.org,https://api.crossref.org/works/10.1097/01.npt.0000282379.02936.fb
s0174,crossref,api.crossref.org,https://api.crossref.org/works/10.1097/10.1097/01.naj.0000395218.49305.b4
s0175,crossref,api.crossref.org,https://api.crossref.org/works/10.1097/mao.0b013e31829bdf2b
s0176,crossref,api.crossref.org,https://api.crossref.org/works/10.1097/md.0000000000000745
s0177,crossref,api.crossref.org,https://api.crossref.org/works/10.1097/pep.0b013e3181faeb11
s0178,crossref,api.crossref.org,https://api.crossref.org/works/10.1097/pts.0b013e318258ca5b
s0179,crossref,api.crossref.org,https://api.crossref.org/works/10.1097/qai.0000000000000316
s0180,crossref,api.crossref.org,https://api.crossref.org/works/10.1097/wad.0b013e318279d02a
s0181,crossref,api.crossref.org,https://api.crossref.org/works/10.1097/yct.0b013e3181de332e
s0182,crossref,api.crossref.org,https://api.crossref.org/works/10.1103/physrevb.87.224427
s0183,crossref,api.crossref.org,https://api.crossref.org/works/10.1105/tpc.15.00588
s0184,crossref,api.crossref.org,https://api.crossref.org/works/10.1108/02634501111178695
s0185,crossref,api.crossref.org,https://api.crossref.org/works/10.1108/17511341111141369
s0186,crossref,api.crossref.org,https://api.crossref.org/works/10.1108/imefm-01-2014-0014
s0187,crossref,api.crossref.org,https://api.crossref.org/works/10.1109/aps.2011.5996907
s0188,crossref,api.crossref.org,https://api.crossref.org/works/10.1109/bibmw.2010.5703852
s0189,crossref,api.crossref.org,https://api.crossref.org/works/10.1109/glocomw.2012.6477634
s0190,crossref,api.crossref.org,https://api.crossref.org/works/10.1109/hicss.2014.437
s0191,crossref,api.crossref.org,https://api.crossref.org/works/10.1109/icpst.2004.1459957
s0192,crossref,api.crossref.org,https://api.crossref.org/works/10.1109/icsmc.2006.384711
s0193,crossref,api.crossref.org,https://api.crossref.org/works/10.1109/isbi.2015.7164032
s0194,crossref,api.crossref.org,https://api.crossref.org/works/10.1109/mass.2012.6502506
s0195,crossref,api.crossref.org,https://api.crossref.org/works/10.1109/percomw.2015.7134042
s0196,crossref,api.crossref.org,https://api.crossref.org/works/10.1109/secon.2011.5752979
s0197,crossref,api.crossref.org,https://api.crossref.org/works/10.1109/tifs.2015.2400425
s0198,crossref,api.crossref.org,https://api.crossref.org/works/10.1109/tit.2006.890719
s0199,crossref,api.crossref.org,https://api.crossref.org/works/10.1109/tit.2013.2281716
s0200,crossref,api.crossref.org,https://api.crossref.org/works/10.1109/tpwrs.2013.2256375
s0201,crossref,api.crossref.org,https://api.crossref.org/works/10.1109/tsm.2012.2191424
s0202,crossref,api.crossref.org,https://api.crossref.org/works/10.1111/j.1365-2435.2009.01528.x
s0203,crossref,api.crossref.org,https://api.crossref.org/works/10.1111/j.1365-294x.2010.04541.x
s0204,crossref,api.crossref.org,https://api.crossref.org/works/10.1111/j.1467-8268.2012.00315.x
s0205,crossref,api.crossref.org,https://api.crossref.org/works/10.1111/j.1471-6402.2010.01560.x
s0206,crossref,api.crossref.org,https://api.crossref.org/works/10.1111/j.1539-6975.2008.00287.x
s0207,crossref,api.crossref.org,https://api.crossref.org/works/10.1111/j.1540-5850.2013.12008.x
s0208,crossref,api.crossref.org,https://api.crossref.org/works/10.1111/j.1552-3934.2009.00003.x
s0209,crossref,api.crossref.org,https://api.crossref.org/works/10.1111/j.1751-486x.2011.01622.x
s0210,crossref,api.crossref.org,https://api.crossref.org/works/10.1111/jawr.12266
s0211,crossref,api.crossref.org,https://api.crossref.org/works/10.1111/jnc.12266
s0212,crossref,api.crossref.org,https://api.crossref.org/works/10.1111/phn.12155
s0213,crossref,api.crossref.org,https://api.crossref.org/works/10.1115/omae2014-23049
s0214,crossref,api.crossref.org,https://api.crossref.org/works/10.1117/12.2061113
s0215,crossref,api.crossref.org,https://api.crossref.org/works/10.1117/12.621834
s0216,crossref,api.crossref.org,https://api.crossref.org/works/10.1117/12.796232
s0217,crossref,api.crossref.org,https://api.crossref.org/works/10.1123/jsr.19.1.30
s0218,crossref,api.crossref.org,https://api.crossref.org/works/10.1124/dmd.112.048439
s0219,crossref,api.crossref.org,https://api.crossref.org/works/10.1140/epjc/s10052-015-3533-3
s0220,crossref,api.crossref.org,https://api.crossref.org/works/10.1140/epjst/e2008-00598-9
s0221,crossref,api.crossref.org,https://api.crossref.org/works/10.1142/s0218654308001130
s0222,crossref,api.crossref.org,https://api.crossref.org/works/10.1145/1815396.1815681
s0223,crossref,api.crossref.org,https://api.crossref.org/works/10.1145/2347673.2347681
s0224,crossref,api.crossref.org,https://api.crossref.org/works/10.1145/2644817
s0225,crossref,api.crossref.org,https://api.crossref.org/works/10.1145/2658537.2661321
s0226,crossref,api.crossref.org,https://api.crossref.org/works/10.1152/ajprenal.00030.2012
s0227,crossref,api.crossref.org,https://api.crossref.org/works/10.1159/000224550
s0228,crossref,api.crossref.org,https://api.crossref.org/works/10.1172/jci26206
s0229,crossref,api.crossref.org,https://api.crossref.org/works/10.1177/0007650308316524
s0230,crossref,api.crossref.org,https://api.crossref.org/works/10.1177/0020872812441644
s0231,crossref,api.crossref.org,https://api.crossref.org/works/10.1177/009164710503300306
s0232,crossref,api.crossref.org,https://api.crossref.org/works/10.1177/0142331213494992
s0233,crossref,api.crossref.org,https://api.crossref.org/works/10.1177/0148607115609586
s0234,crossref,api.crossref.org,https://api.crossref.org/works/10.1177/0743558409334253
s0235,crossref,api.crossref.org,https://api.crossref.org/works/10.1177/0887403415598556
s0236,crossref,api.crossref.org,https://api.crossref.org/works/10.1177/10570837060160010105
s0237,crossref,api.crossref.org,https://api.crossref.org/works/10.1177/105984050602200203
s0238,crossref,api.crossref.org,https://api.crossref.org/works/10.1177/1066480712466813
s0239,crossref,api.crossref.org,https://api.crossref.org/works/10.1177/1098611105276542
s0240,crossref,api.crossref.org,https://api.crossref.org/works/10.1177/1524839912447192
s0241,crossref,api.crossref.org,https://api.crossref.org/works/10.1177/1533317511410557
s0242,crossref,api.crossref.org,https://api.crossref.org/works/10.1177/154405910708600803
s0243,crossref,api.crossref.org,https://api.crossref.org/works/10.1177/1548051810383862
s0244,crossref,api.crossref.org,https://api.crossref.org/works/10.1179/0261434015z.000000000117
s0245,crossref,api.crossref.org,https://api.crossref.org/works/10.1186/1741-7007-6-13
s0246,crossref,api.crossref.org,https://api.crossref.org/works/10.1186/s12935-014-0115-7
s0247,crossref,api.crossref.org,https://api.crossref.org/works/10.1187/cbe-13-08-0152
s0248,crossref,api.crossref.org,https://api.crossref.org/works/10.1200/jco.2007.14.1432
s0249,crossref,api.crossref.org,https://api.crossref.org/works/10.1310/tsr1704-225
s0250,crossref,api.crossref.org,https://api.crossref.org/works/10.1353/pew.2014.0076
s0251,crossref,api.crossref.org,https://api.crossref.org/works/10.1364/biomed.2014.bs3a.14
s0252,crossref,api.crossref.org,https://api.crossref.org/works/10.1364/cleo_si.2011.cmaa5
s0253,crossref,api.crossref.org,https://api.crossref.org/works/10.1364/ol.37.002313
s0254,crossref,api.crossref.org,https://api.crossref.org/works/10.1371/journal.pone.0122447
s0255,crossref,api.crossref.org,https://api.crossref.org/works/10.1371/journal.pone.0131186
s0256,crossref,api.crossref.org,https://api.crossref.org/works/10.1386/jmte.7.2.181_1
s0257,crossref,api.crossref.org,https://api.crossref.org/works/10.14198/aleua.2011.23.13
s0258,crossref,api.crossref.org,https://api.crossref.org/works/10.14452/mr-058-03-2006-07_9
s0259,crossref,api.crossref.org,https://api.crossref.org/works/10.1504/ijmp.2015.071688
s0260,crossref,api.crossref.org,https://api.crossref.org/works/10.1515/ngs-2014-0007
s0261,crossref,api.crossref.org,https://api.crossref.org/works/10.1515/znth-2015-0008
s0262,crossref,api.crossref.org,https://api.crossref.org/works/10.1520/gtj20120024
s0263,crossref,api.crossref.org,https://api.crossref.org/works/10.1525/nclr.2010.13.3.637
s0264,crossref,api.crossref.org,https://api.crossref.org/works/10.1525/phr.2006.75.2.231
s0265,crossref,api.crossref.org,https://api.crossref.org/works/10.1577/m07-029.1
s0266,crossref,api.crossref.org,https://api.crossref.org/works/10.1586/14787210.5.3.403
s0267,crossref,api.crossref.org,https://api.crossref.org/works/10.1615/ichmt.2007.radtransfproc.120
s0268,crossref,api.crossref.org,https://api.crossref.org/works/10.1615/interjfluidmechres.v34.i5.10
s0269,crossref,api.crossref.org,https://api.crossref.org/works/10.1650/0010-5422%282006%29108%5B678%3Ancopbb%5D2.0.co%3B2
s0270,crossref,api.crossref.org,https://api.crossref.org/works/10.1666/08-007.1
s0271,crossref,api.crossref.org,https://api.crossref.org/works/10.1681/asn.2012070642
s0272,crossref,api.crossref.org,https://api.crossref.org/works/10.1890/07-1162.1
s0273,crossref,api.crossref.org,https://api.crossref.org/works/10.1890/11-1700.1
s0274,crossref,api.crossref.org,https://api.crossref.org/works/10.1891/215805312807022923
s0275,crossref,api.crossref.org,https://api.crossref.org/works/10.19030/jabr.v16i2.2032
s0276,crossref,api.crossref.org,https://api.crossref.org/works/10.19030/jber.v7i8.2326
s0277,crossref,api.crossref.org,https://api.crossref.org/works/10.19070/2167-8685-150007e
s0278,crossref,api.crossref.org,https://api.crossref.org/works/10.2111/rangelands-d-12-00073.1
s0279,crossref,api.crossref.org,https://api.crossref.org/works/10.2134/agronj2013.0220
s0280,crossref,api.crossref.org,https://api.crossref.org/works/10.2139/ssrn.2171054
s0281,crossref,api.crossref.org,https://api.crossref.org/works/10.2139/ssrn.2260429
s0282,crossref,api.crossref.org,https://api.crossref.org/works/10.2139/ssrn.980710
s0283,crossref,api.crossref.org,https://api.crossref.org/works/10.21983/p3.0050.1.31
s0284,crossref,api.crossref.org,https://api.crossref.org/works/10.2307/23488255
s0285,crossref,api.crossref.org,https://api.crossref.org/works/10.24972/ijts.2010.29.2.iii
s0286,crossref,api.crossref.org,https://api.crossref.org/works/10.24972/ijts.2012.31.2.33
s0287,crossref,api.crossref.org,https://api.crossref.org/works/10.2514/1.i010288
s0288,crossref,api.crossref.org,https://api.crossref.org/works/10.2514/6.2013-1696
s0289,crossref,api.crossref.org,https://api.crossref.org/works/10.2514/6.2015-4623
s0290,crossref,api.crossref.org,https://api.crossref.org/works/10.25148/lawrev.8.2.8
s0291,crossref,api.crossref.org,https://api.crossref.org/works/10.28945/2049
s0292,crossref,api.crossref.org,https://api.crossref.org/works/10.29302/ar.2015.suplim.2.22
s0293,crossref,api.crossref.org,https://api.crossref.org/works/10.3174/ajnr.a2583
s0294,crossref,api.crossref.org,https://api.crossref.org/works/10.3200/jpft.33.1.39-48
s0295,crossref,api.crossref.org,https://api.crossref.org/works/10.3354/ame038295
s0296,crossref,api.crossref.org,https://api.crossref.org/works/10.4271/2006-01-0296
s0297,crossref,api.crossref.org,https://api.crossref.org/works/10.46743/1540-580x/2010.1308
s0298,crossref,api.crossref.org,https://api.crossref.org/works/10.48550/arxiv.1508.00700
s0299,crossref,api.crossref.org,https://api.crossref.org/works/10.5014/ajot.2015.016089
s0300,crossref,api.crossref.org,https://api.crossref.org/works/10.5194/acpd-9-9823-2009
s0301,crossref,api.crossref.org,https://api.crossref.org/works/10.5252/z2010n4a4
s0302,crossref,api.crossref.org,https://api.crossref.org/works/10.5296/ijafr.v5i2.8014
s0303,crossref,api.crossref.org,https://api.crossref.org/works/10.5296/ije.v4i3.1785
s0304,crossref,api.crossref.org,https://api.crossref.org/works/10.5369/jsst.2012.21.2.83
s0305,crossref,api.crossref.org,https://api.crossref.org/works/10.5539/ijef.v4n5p15
s0306,crossref,api.crossref.org,https://api.crossref.org/works/10.5642/urceu.201401.06
s0307,crossref,api.crossref.org,https://api.crossref.org/works/10.5822/978-1-61091-022-4_10
s0308,crossref,api.crossref.org,https://api.crossref.org/works/10.7287/peerj.preprints.1
s0309,crossref,api.crossref.org,https://api.crossref.org/works/10.7287/peerj.preprints.577v1
s0310,public-record,ascelibrary.com,https://ascelibrary.com/toc/jbenf2/10/5
s0311,public-record,ascelibrary.org,https://ascelibrary.org/doi/10.1061/41098%28368%2940
s0312,public-record,cancerres.aacrjournals.org,https://cancerres.aacrjournals.org/content/67/9_Supplement/1596
s0313,public-record,cardiology.med.wayne.edu,https://cardiology.med.wayne.edu/pdfs-new/abidov_cv.pdf
s0314,public-record,cci.drexel.edu,https://cci.drexel.edu/faculty/yan/publications/SWDB-maintaining.pdf
s0315,public-record,cci.drexel.edu,https://cci.drexel.edu/faculty/yan/yuan-publications-update-2017.html
s0316,public-record,cdn.aaai.org,https://cdn.aaai.org/FLAIRS/2006/Flairs06-039.pdf
s0317,public-record,dblp.org,https://dblp.org/rec/conf/flairs/Lin06
s0318,public-record,digital.library.unt.edu,https://digital.library.unt.edu/ark:/67531/metadc505008/
s0319,public-record,digitalcommons.ciis.edu,https://digitalcommons.ciis.edu/founderssymposium/40/
s0320,public-record,digitalcommons.ciis.edu,https://digitalcommons.ciis.edu/ijts-transpersonalstudies/vol29/iss2/2/
s0321,public-record,digitalcommons.liberty.edu,https://digitalcommons.liberty.edu/cgi/viewcontent.cgi?article=1001&context=educ_fac_pubs
s0322,public-record,digitalcommons.liberty.edu,https://digitalcommons.liberty.edu/cgi/viewcontent.cgi?article=1115&context=pretrib_arch
s0323,public-record,digitalcommons.liberty.edu,https://digitalcommons.liberty.edu/educ_fac_pubs/2
s0324,public-record,digitalcommons.liberty.edu,https://digitalcommons.liberty.edu/gov_fac_pubs/178/
s0325,public-record,digitalcommons.liberty.edu,https://digitalcommons.liberty.edu/lts_fac_pubs/12
s0326,public-record,digitalcommons.liberty.edu,https://digitalcommons.liberty.edu/pretrib_arch/116
s0327,public-record,digitalcommons.osgoode.yorku.ca,https://digitalcommons.osgoode.yorku.ca/cgi/viewcontent.cgi?article=1071&context=sclr
s0328,public-record,digitalcommons.osgoode.yorku.ca,https://digitalcommons.osgoode.yorku.ca/sclr/vol29/iss1/5/
s0329,public-record,digitalcommons.pace.edu,https://digitalcommons.pace.edu/lawfaculty/1044/
s0330,public-record,digitalcommons.pace.edu,https://digitalcommons.pace.edu/lawfaculty/914
s0331,public-record,digitalcommons.unomaha.edu,https://digitalcommons.unomaha.edu/commfacpub/61/
s0332,public-record,digitalcommons.wcl.american.edu,https://digitalcommons.wcl.american.edu/lpb/vol6/iss1/3
s0333,public-record,digitalcommons.wcl.american.edu,https://digitalcommons.wcl.american.edu/peel_alumni/141/
s0334,public-record,digitalcommons.wcl.american.edu,https://digitalcommons.wcl.american.edu/sdlp/vol8/iss1/19/
s0335,public-record,dl.acm.org,https://dl.acm.org/doi/10.1145/1185448.1185480
s0336,doi,doi.org,https://doi.org/10.1002/2014eo350006
s0337,doi,doi.org,https://doi.org/10.1002/aur.1489
s0338,doi,doi.org,https://doi.org/10.1002/chin.201001035
s0339,doi,doi.org,https://doi.org/10.1002/dat.20055
s0340,doi,doi.org,https://doi.org/10.1002/etc.3026
s0341,doi,doi.org,https://doi.org/10.1002/hyp.10299
s0342,doi,doi.org,https://doi.org/10.1002/mbo3.277
s0343,doi,doi.org,https://doi.org/10.1016/j.ajem.2011.07.002
s0344,doi,doi.org,https://doi.org/10.1016/j.bpj.2008.12.823
s0345,doi,doi.org,https://doi.org/10.1016/j.chroma.2015.08.029
s0346,doi,doi.org,https://doi.org/10.1016/j.ejcnurse.2010.01.005
s0347,doi,doi.org,https://doi.org/10.1016/j.exer.2007.08.017
s0348,doi,doi.org,https://doi.org/10.1016/j.healun.2012.01.262
s0349,doi,doi.org,https://doi.org/10.1016/j.jadohealth.2011.10.213
s0350,doi,doi.org,https://doi.org/10.1016/j.jcf.2013.05.011
s0351,doi,doi.org,https://doi.org/10.1016/j.jneb.2013.04.215
s0352,doi,doi.org,https://doi.org/10.1016/j.na.2007.07.033
s0353,doi,doi.org,https://doi.org/10.1016/j.outlook.2014.08.012
s0354,doi,doi.org,https://doi.org/10.1016/s0735-1097(12)62140-8
s0355,doi,doi.org,https://doi.org/10.1016/s0735-1097(15)62121-0
s0356,doi,doi.org,https://doi.org/10.1021/jp103859w
s0357,doi,doi.org,https://doi.org/10.1021/jp201563m
s0358,doi,doi.org,https://doi.org/10.1021/ma1010793
s0359,doi,doi.org,https://doi.org/10.1021/ma301896u
s0360,doi,doi.org,https://doi.org/10.1027/1614-0001/a000047
s0361,doi,doi.org,https://doi.org/10.1029/2004jd004995
s0362,doi,doi.org,https://doi.org/10.1029/2010gl043158
s0363,doi,doi.org,https://doi.org/10.1029/2010gl046096
s0364,doi,doi.org,https://doi.org/10.1037/1089-2680.12.4.344
s0365,doi,doi.org,https://doi.org/10.1044/0161-1461(2008/025)
s0366,doi,doi.org,https://doi.org/10.1063/1.2952828
s0367,doi,doi.org,https://doi.org/10.1063/1.4742764
s0368,doi,doi.org,https://doi.org/10.1073/pnas.0710800105
s0369,doi,doi.org,https://doi.org/10.1080/01419870.2012.660173
s0370,doi,doi.org,https://doi.org/10.1080/01626620.2015.1048009
s0371,doi,doi.org,https://doi.org/10.1080/03066150.2015.1072972
s0372,doi,doi.org,https://doi.org/10.1080/07474946.2011.619094
s0373,doi,doi.org,https://doi.org/10.1080/08958370701382220
s0374,doi,doi.org,https://doi.org/10.1080/09603107.2012.663471
s0375,doi,doi.org,https://doi.org/10.1080/10841806.2006.11029536
s0376,doi,doi.org,https://doi.org/10.1080/1478601x.2011.626152
s0377,doi,doi.org,https://doi.org/10.1080/15228053.2010.10856178
s0378,doi,doi.org,https://doi.org/10.1080/15265160601064124
s0379,doi,doi.org,https://doi.org/10.1080/15564880500263182
s0380,doi,doi.org,https://doi.org/10.1083/jcb.201111115
s0381,doi,doi.org,https://doi.org/10.1088/978-1-6817-4094-2ch1
s0382,doi,doi.org,https://doi.org/10.1089/act.2012.18403
s0383,doi,doi.org,https://doi.org/10.1089/eco.2009.0027
s0384,doi,doi.org,https://doi.org/10.1093/cercor/bhs072
s0385,doi,doi.org,https://doi.org/10.1093/oxrep/grj024
s0386,doi,doi.org,https://doi.org/10.1096/fasebj.20.4.a132
s0387,doi,doi.org,https://doi.org/10.1096/fasebj.24.1_supplement.1059.32
s0388,doi,doi.org,https://doi.org/10.1096/fasebj.24.1_supplement.965.2
s0389,doi,doi.org,https://doi.org/10.1096/fasebj.27.1_supplement.934.2
s0390,doi,doi.org,https://doi.org/10.1096/fasebj.27.1_supplement.lb114
s0391,doi,doi.org,https://doi.org/10.1097/00029330-200711010-00014
s0392,doi,doi.org,https://doi.org/10.1097/00128360-200607000-00048
s0393,doi,doi.org,https://doi.org/10.1097/YCT.0b013e3181de332e
s0394,doi,doi.org,https://doi.org/10.1108/01437731111183720
s0395,doi,doi.org,https://doi.org/10.1109/icpst.2004.1459957
s0396,doi,doi.org,https://doi.org/10.1109/mass.2012.6502506
s0397,doi,doi.org,https://doi.org/10.1111/j.1471-6402.2010.01560.x
s0398,doi,doi.org,https://doi.org/10.1111/j.1540-5850.2013.12008.x
s0399,doi,doi.org,https://doi.org/10.1111/j.1548-1387.2012.01210.x
s0400,doi,doi.org,https://doi.org/10.1111/jawr.12266
s0401,doi,doi.org,https://doi.org/10.1111/jnc.12266
s0402,doi,doi.org,https://doi.org/10.1111/phn.12155
s0403,doi,doi.org,https://doi.org/10.1115/omae2014-23049
s0404,doi,doi.org,https://doi.org/10.1142/9781848162648_0018
s0405,doi,doi.org,https://doi.org/10.1144/sp379.21
s0406,doi,doi.org,https://doi.org/10.1145/1185448.1185480
s0407,doi,doi.org,https://doi.org/10.1145/1815396.1815681
s0408,doi,doi.org,https://doi.org/10.1145/2347673.2347681
s0409,doi,doi.org,https://doi.org/10.1145/2644817
s0410,doi,doi.org,https://doi.org/10.1145/2658537.2661321
s0411,doi,doi.org,https://doi.org/10.1158/0008-5472.CAN-07-A1596
s0412,doi,doi.org,https://doi.org/10.1159/000224550
s0413,doi,doi.org,https://doi.org/10.1163/15700747-03702002
s0414,doi,doi.org,https://doi.org/10.1177/0007650308316524
s0415,doi,doi.org,https://doi.org/10.1177/0016986215597748
s0416,doi,doi.org,https://doi.org/10.1177/0020872812441644
s0417,doi,doi.org,https://doi.org/10.1177/009164710503300306
s0418,doi,doi.org,https://doi.org/10.1177/0142331213494992
s0419,doi,doi.org,https://doi.org/10.1177/0743558409334253
s0420,doi,doi.org,https://doi.org/10.1177/0887403415598556
s0421,doi,doi.org,https://doi.org/10.1177/10570837060160010105
s0422,doi,doi.org,https://doi.org/10.1177/105984050602200203
s0423,doi,doi.org,https://doi.org/10.1177/1098611105276542
s0424,doi,doi.org,https://doi.org/10.1177/1524839912447192
s0425,doi,doi.org,https://doi.org/10.1177/1548051810383862
s0426,doi,doi.org,https://doi.org/10.1186/s13104-015-1023-1
s0427,doi,doi.org,https://doi.org/10.1200/jco.2007.14.1432
s0428,doi,doi.org,https://doi.org/10.1249/00005768-200505001-00141
s0429,doi,doi.org,https://doi.org/10.1386/jmte.7.2.181_1
s0430,doi,doi.org,https://doi.org/10.1509/jimk.15.2.58
s0431,doi,doi.org,https://doi.org/10.1515/ngs-2014-0007
s0432,doi,doi.org,https://doi.org/10.1520/gtj20120024
s0433,doi,doi.org,https://doi.org/10.1525/nclr.2010.13.3.637
s0434,doi,doi.org,https://doi.org/10.1525/phr.2006.75.2.231
s0435,doi,doi.org,https://doi.org/10.15760/anthos.2011.55
s0436,doi,doi.org,https://doi.org/10.1577/m07-029.1
s0437,doi,doi.org,https://doi.org/10.1650/0010-5422(2006)108[678:ncopbb]2.0.co;2
s0438,doi,doi.org,https://doi.org/10.2134/agronj2013.0220
s0439,doi,doi.org,https://doi.org/10.2136/vzj2007.0103
s0440,doi,doi.org,https://doi.org/10.21983/p3.0050.1.31
s0441,doi,doi.org,https://doi.org/10.2514/1.i010288
s0442,doi,doi.org,https://doi.org/10.2514/6.2013-1696
s0443,doi,doi.org,https://doi.org/10.2514/6.2015-4623
s0444,doi,doi.org,https://doi.org/10.28945/2049
s0445,doi,doi.org,https://doi.org/10.4028/www.scientific.net/amr.446-449.2947
s0446,doi,doi.org,https://doi.org/10.4049/jimmunol.174.9.5456
s0447,doi,doi.org,https://doi.org/10.4271/2006-01-0296
s0448,doi,doi.org,https://doi.org/10.7287/peerj.preprints.1
s0449,doi,doi.org,https://doi.org/10.7287/peerj.preprints.577v1
s0450,public-record,eos.org,https://eos.org/tag/meetings-workshops/page/51
s0451,public-record,eric.ed.gov,https://eric.ed.gov/?id=ED547204
s0452,public-record,etd.ohiolink.edu,https://etd.ohiolink.edu/acprod/odb_etd/etd/r/1501/10?clear=10&p10_accession_num=akron1291171941
s0453,public-record,etd.ohiolink.edu,https://etd.ohiolink.edu/acprod/odb_etd/etd/r/1501/10?clear=10&p10_accession_num=kent1448646252
s0454,public-record,etd.ohiolink.edu,https://etd.ohiolink.edu/acprod/odb_etd/r/etd/search/10?clear=10&p10_accession_num=case1232857493
s0455,public-record,etd.ohiolink.edu,https://etd.ohiolink.edu/acprod/odb_etd/ws/send_file/send?accession=akron1363804723&disposition=inline
s0456,europe-pmc,europepmc.org,https://europepmc.org/article/MED/15843543
s0457,europe-pmc,europepmc.org,https://europepmc.org/article/MED/16938829
s0458,europe-pmc,europepmc.org,https://europepmc.org/article/MED/17153999
s0459,europe-pmc,europepmc.org,https://europepmc.org/article/MED/17276086
s0460,europe-pmc,europepmc.org,https://europepmc.org/article/MED/17324763
s0461,europe-pmc,europepmc.org,https://europepmc.org/article/MED/17366159
s0462,europe-pmc,europepmc.org,https://europepmc.org/article/MED/17652195
s0463,europe-pmc,europepmc.org,https://europepmc.org/article/MED/17659935
s0464,europe-pmc,europepmc.org,https://europepmc.org/article/MED/18155496
s0465,europe-pmc,europepmc.org,https://europepmc.org/article/MED/18247321
s0466,europe-pmc,europepmc.org,https://europepmc.org/article/MED/18258288
s0467,europe-pmc,europepmc.org,https://europepmc.org/article/MED/18681102
s0468,europe-pmc,europepmc.org,https://europepmc.org/article/MED/19041616
s0469,europe-pmc,europepmc.org,https://europepmc.org/article/MED/19331375
s0470,europe-pmc,europepmc.org,https://europepmc.org/article/MED/19388106
s0471,europe-pmc,europepmc.org,https://europepmc.org/article/MED/20149085
s0472,europe-pmc,europepmc.org,https://europepmc.org/article/MED/20231743
s0473,europe-pmc,europepmc.org,https://europepmc.org/article/MED/20826410
s0474,europe-pmc,europepmc.org,https://europepmc.org/article/MED/20836006
s0475,europe-pmc,europepmc.org,https://europepmc.org/article/MED/21346442
s0476,europe-pmc,europepmc.org,https://europepmc.org/article/MED/21352747
s0477,europe-pmc,europepmc.org,https://europepmc.org/article/MED/21429632
s0478,europe-pmc,europepmc.org,https://europepmc.org/article/MED/21504548
s0479,europe-pmc,europepmc.org,https://europepmc.org/article/MED/21553309
s0480,europe-pmc,europepmc.org,https://europepmc.org/article/MED/21636582
s0481,europe-pmc,europepmc.org,https://europepmc.org/article/MED/21835942
s0482,europe-pmc,europepmc.org,https://europepmc.org/article/MED/22496413
s0483,europe-pmc,europepmc.org,https://europepmc.org/article/MED/22577741
s0484,europe-pmc,europepmc.org,https://europepmc.org/article/MED/22905446
s0485,europe-pmc,europepmc.org,https://europepmc.org/article/MED/23223517
s0486,europe-pmc,europepmc.org,https://europepmc.org/article/MED/23809508
s0487,europe-pmc,europepmc.org,https://europepmc.org/article/MED/23988997
s0488,europe-pmc,europepmc.org,https://europepmc.org/article/MED/24240145
s0489,europe-pmc,europepmc.org,https://europepmc.org/article/MED/24334568
s0490,europe-pmc,europepmc.org,https://europepmc.org/article/MED/24591510
s0491,europe-pmc,europepmc.org,https://europepmc.org/article/MED/24993598
s0492,europe-pmc,europepmc.org,https://europepmc.org/article/MED/25162819
s0493,europe-pmc,europepmc.org,https://europepmc.org/article/MED/25411563
s0494,europe-pmc,europepmc.org,https://europepmc.org/article/MED/25439534
s0495,europe-pmc,europepmc.org,https://europepmc.org/article/MED/25468817
s0496,europe-pmc,europepmc.org,https://europepmc.org/article/MED/25645470
s0497,europe-pmc,europepmc.org,https://europepmc.org/article/MED/25775247
s0498,europe-pmc,europepmc.org,https://europepmc.org/article/MED/25889233
s0499,europe-pmc,europepmc.org,https://europepmc.org/article/MED/25893926
s0500,europe-pmc,europepmc.org,https://europepmc.org/article/MED/26020380
s0501,europe-pmc,europepmc.org,https://europepmc.org/article/MED/26164859
s0502,europe-pmc,europepmc.org,https://europepmc.org/article/MED/26213486
s0503,europe-pmc,europepmc.org,https://europepmc.org/article/MED/26338213
s0504,europe-pmc,europepmc.org,https://europepmc.org/article/MED/26362606
s0505,europe-pmc,europepmc.org,https://europepmc.org/article/MED/26418195
s0506,europe-pmc,europepmc.org,https://europepmc.org/article/MED/26443562
s0507,europe-pmc,europepmc.org,https://europepmc.org/article/MED/26505924
s0508,europe-pmc,europepmc.org,https://europepmc.org/article/MED/26709430
s0509,europe-pmc,europepmc.org,https://europepmc.org/article/MED/28133407
s0510,public-record,faseb.onlinelibrary.wiley.com,https://faseb.onlinelibrary.wiley.com/doi/10.1096/fasebj.24.1_supplement.1059.32
s0511,public-record,faseb.onlinelibrary.wiley.com,https://faseb.onlinelibrary.wiley.com/doi/10.1096/fasebj.24.1_supplement.965.2
s0512,public-record,faseb.onlinelibrary.wiley.com,https://faseb.onlinelibrary.wiley.com/doi/10.1096/fasebj.27.1_supplement.934.2
s0513,public-record,faseb.onlinelibrary.wiley.com,https://faseb.onlinelibrary.wiley.com/doi/10.1096/fasebj.27.1_supplement.lb114
s0514,public-record,fisherpub.sjf.edu,https://fisherpub.sjf.edu/pharmacy_facpub/73
s0515,public-record,fisherpub.sjfc.edu,https://fisherpub.sjfc.edu/education_etd/155/
s0516,public-record,ijme-journal.org,https://ijme-journal.org/index.php/ijme/article/download/327/427
s0517,public-record,ijme-journal.org,https://ijme-journal.org/index.php/ijme/article/view/327
s0518,public-record,integral-review.org,https://integral-review.org/documents/Jones%2C%20Vol%208%2C%20No%201%2C%20CIIS%20Special%20Issue.pdf
s0519,public-record,intensiveenglishusa.org,https://intensiveenglishusa.org/Listing?MDSID=IIE-70&adlistingid=
s0520,public-record,journal.dmineducation.org,https://journal.dmineducation.org/caring-cultures-book-review/
s0521,public-record,journals.sagepub.com,https://journals.sagepub.com/doi/10.1177/0016986215597748
s0522,public-record,journals.sagepub.com,https://journals.sagepub.com/doi/10.1509/jimk.15.2.58
s0523,public-record,journals.sagepub.com,https://journals.sagepub.com/toc/proe/55/1
s0524,public-record,journals.uair.arizona.edu,https://journals.uair.arizona.edu/index.php/rangelands/article/download/12309/11594
s0525,public-record,link.springer.com,https://link.springer.com/book/10.1007/0-387-31056-8
s0526,public-record,linkinghub.elsevier.com,https://linkinghub.elsevier.com/retrieve/pii/S1053249812002768
s0527,public-record,linkinghub.elsevier.com,https://linkinghub.elsevier.com/retrieve/pii/S1054139X11005684
s0528,public-record,meetingorganizer.copernicus.org,https://meetingorganizer.copernicus.org/EGU2009/EGU2009-2527.pdf
s0529,public-record,ntrs.nasa.gov,https://ntrs.nasa.gov/citations/20130003171
s0530,public-record,ntrs.nasa.gov,https://ntrs.nasa.gov/search.jsp?R=20140001114
s0531,public-record,ojs.aaai.org,https://ojs.aaai.org/index.php/AAAI/article/download/7718/7579
s0532,public-record,onlinelibrary.wiley.com,https://onlinelibrary.wiley.com/doi/10.1002/dat.20055
s0533,public-record,papers.ssrn.com,https://papers.ssrn.com/sol3/Delivery.cfm/SSRN_ID2275615_code485809.pdf?abstractid=2275615&mirid=1&type=2
s0534,public-record,papers.ssrn.com,https://papers.ssrn.com/sol3/Delivery.cfm?abstractid=1450069
s0535,public-record,papers.ssrn.com,https://papers.ssrn.com/sol3/papers.cfm?abstract_id=1450069
s0536,public-record,pdxscholar.library.pdx.edu,https://pdxscholar.library.pdx.edu/cgi/viewcontent.cgi?article=1018&context=anthos
s0537,pmc,pmc.ncbi.nlm.nih.gov,https://pmc.ncbi.nlm.nih.gov/articles/PMC2895722/
s0538,pmc,pmc.ncbi.nlm.nih.gov,https://pmc.ncbi.nlm.nih.gov/articles/PMC3699822/
s0539,pmc,pmc.ncbi.nlm.nih.gov,https://pmc.ncbi.nlm.nih.gov/articles/PMC4489734/
s0540,public-record,popline.org,https://popline.org/node/14983.pdf
s0541,pubmed,pubmed.ncbi.nlm.nih.gov,https://pubmed.ncbi.nlm.nih.gov/18067768
s0542,pubmed,pubmed.ncbi.nlm.nih.gov,https://pubmed.ncbi.nlm.nih.gov/20880659/
s0543,pubmed,pubmed.ncbi.nlm.nih.gov,https://pubmed.ncbi.nlm.nih.gov/21500731
s0544,public-record,pubs.acs.org,https://pubs.acs.org/doi/10.1021/mp300238w
s0545,public-record,rave.ohiolink.edu,https://rave.ohiolink.edu/etdc/view?acc_num=akron1195243379
s0546,public-record,revista.geologica.org.ar,https://revista.geologica.org.ar/raga/article/download/1345/1230/4470
s0547,public-record,revista.geologica.org.ar,https://revista.geologica.org.ar/raga/article/view/1345
s0548,public-record,scholarcommons.sc.edu,https://scholarcommons.sc.edu/etd/2504/
s0549,public-record,scholarsarchive.byu.edu,https://scholarsarchive.byu.edu/etd/1042/
s0550,public-record,scholarsarchive.byu.edu,https://scholarsarchive.byu.edu/etd/1211/
s0551,public-record,scholarsarchive.byu.edu,https://scholarsarchive.byu.edu/etd/4130/
s0552,public-record,scholarsmine.mst.edu,https://scholarsmine.mst.edu/cgi/viewcontent.cgi?article=6416&context=masters_theses
s0553,public-record,scholarsmine.mst.edu,https://scholarsmine.mst.edu/geosci_geo_peteng_facwork/342/
s0554,public-record,scholarworks.umt.edu,https://scholarworks.umt.edu/syllabi/1499
s0555,public-record,sciences.louisiana.edu,https://sciences.louisiana.edu/node/126
s0556,public-record,sites.google.com,https://sites.google.com/ce.iith.ac.in/profkvlsubramaniam/publications
s0557,public-record,ui.adsabs.harvard.edu,https://ui.adsabs.harvard.edu/abs/2009EGUGA..11.2527C/abstract
s0558,public-record,vet.osu.edu,https://vet.osu.edu/sites/default/files/documents/Retro-Active%20News%202014.pdf
s0559,public-record,vtpaleobiology.wixsite.com,https://vtpaleobiology.wixsite.com/nesbittvtpaleo/publications
s0560,public-record,www.amedeolucente.it,https://www.amedeolucente.it/public/ARVO%202013.pdf
s0561,public-record,www.fit.edu,https://www.fit.edu/faculty-profiles/k/kiguradze-tariel/
s0562,public-record,www.harvard.edu,https://www.harvard.edu/academics/schools/ ; https://api.crossref.org/works/10.1016/j.epidem.2008.07.001
s0563,public-record,www.harvard.edu,https://www.harvard.edu/academics/schools/ ; https://api.crossref.org/works/10.1088/1758-5082/4/4/042001
s0564,public-record,www.harvard.edu,https://www.harvard.edu/academics/schools/ ; https://api.crossref.org/works/10.1102/1470-7330.2013.0048
s0565,public-record,www.jacc.org,https://www.jacc.org/doi/10.1016/S0735-1097%2812%2962140-8
s0566,public-record,www.mst.edu,https://www.mst.edu/about/history/ ; https://api.crossref.org/works/10.1109/imtc.2006.328252
s0567,public-record,www.mst.edu,https://www.mst.edu/about/history/ ; https://api.crossref.org/works/10.1111/j.1551-2916.2007.01637.x
s0568,public-record,www.nature.com,https://www.nature.com/articles/nature06341
s0569,public-record,www.ncbi.nlm.nih.gov,https://www.ncbi.nlm.nih.gov/pmc/articles/2189956
s0570,public-record,www.ncbi.nlm.nih.gov,https://www.ncbi.nlm.nih.gov/pmc/articles/3328390
s0571,public-record,www.ncbi.nlm.nih.gov,https://www.ncbi.nlm.nih.gov/pmc/articles/3593574
s0572,public-record,www.oregonpublichealth.org,https://www.oregonpublichealth.org/assets/2013_Conference/2013%20abstracts%20-%20final.pdf
s0573,public-record,www.researchgate.net,https://www.researchgate.net/publication/314742949_Accuracy_Of_The_Cosmed_K4b2_Telemetry_System_During_Different_Intensities_Of_Exercise_142_Board_49_930_AM_-_1100_AM
s0574,public-record,www.scientific.net,https://www.scientific.net/AMR.446-449.2947
s0575,public-record,www.sfsu.edu,https://www.sfsu.edu/~bulletin/previous_bulletins/1112/facultym.htm
s0576,public-record,www.shepscenter.unc.edu,https://www.shepscenter.unc.edu/wp-content/uploads/2013/07/Sheps-Annual-Report.pdf
s0577,public-record,www.sjf.edu,https://www.sjf.edu/about/history/ ; https://api.crossref.org/works/10.1016/j.optcom.2012.12.022
s0578,public-record,www.sjf.edu,https://www.sjf.edu/about/history/ ; https://api.crossref.org/works/10.1080/02602930600896571
s0579,public-record,www.sjf.edu,https://www.sjf.edu/about/history/ ; https://api.crossref.org/works/10.1103/physreva.78.063807
s0580,public-record,www.sjf.edu,https://www.sjf.edu/about/history/ ; https://doi.org/10.1080/08832323.2014.929560
s0581,public-record,www.tandfonline.com,https://www.tandfonline.com/doi/abs/10.1080/02732173.2011.557039
s0582,public-record,www.tandfonline.com,https://www.tandfonline.com/doi/full/10.1080/08850600590911954
s0583,public-record,www.tandfonline.com,https://www.tandfonline.com/toc/fjps20/42/5
s0584,public-record,www.tiu.edu,https://www.tiu.edu/divinity/about/
s0585,public-record,www.tiu.edu,https://www.tiu.edu/divinity/about/ ; https://api.crossref.org/works/10.1017/s0036930608003955
s0586,public-record,www.tiu.edu,https://www.tiu.edu/divinity/about/ ; https://api.crossref.org/works/10.1300/j062v08n02_01
s0587,public-record,www.tntech.edu,https://www.tntech.edu/news/releases/biernacki-honored-with-caplenor-award.php
s0588,public-record,www.ucumberlands.edu,https://www.ucumberlands.edu/about
